student_id,cohort
S001,EY26
S002,EY25
S003,EY26
S004,EY25
S005,EY26
S006,EY26
S007,EY25
S008,EY26
S009,EY26
S010,EY26
S011,EY25
S012,EY26
S013,EY26
S014,EY26
S015,EY26
S016,EY26
S017,EY25
S018,EY25
S019,EY26
S020,EY25
S021,EY26
S022,EY26
S023,EY25
S024,EY26
S025,EY26
S026,EY26
S027,EY26
S028,EY26
S029,EY25
S030,EY25
S031,EY26
S032,EY25
S033,EY26
S034,EY26
S035,EY26
S036,EY26
S037,EY26
S038,EY25
S039,EY25
S040,EY26
S041,EY26
S042,EY25
S043,EY25
S044,EY26
S045,EY26
S046,EY25
S047,EY25
S048,EY25
S049,EY26
S050,EY26
S051,EY26
S052,EY25
S053,EY25
S054,EY26
S055,EY26
S056,EY25
S057,EY26
S058,EY26
S059,EY25
S060,EY26
S061,EY25
S062,EY26
S063,EY25
S064,EY26
S065,EY26
S066,EY25
S067,EY26
S068,EY26
S069,EY25
S070,EY26
S071,EY25
S072,EY26
S073,EY26
S074,EY26
S075,EY25
S076,EY26
S077,EY25
S078,EY26
S079,EY26
S080,EY26
S081,EY26
S082,EY26
S083,EY26
S084,EY25
S085,EY26
S086,EY26
S087,EY25
S088,EY26
S089,EY26
S090,EY25
S091,EY25
S092,EY26
S093,EY25
S094,EY26
S095,EY25
S096,EY26
S097,EY26
S098,EY25
S099,EY26
S100,EY26
S101,EY26
S102,EY26
S103,EY26
S104,EY26
S105,EY25
S106,EY25
S107,EY25
S108,EY26
S109,EY26
S110,EY26
S111,EY25
S112,EY26
S113,EY25
S114,EY26
S115,EY26
S116,EY25
S117,EY26
S118,EY26
S119,EY25
S120,EY25
S121,EY26
S122,EY25
S123,EY26
S124,EY26
S125,EY25
S126,EY25
S127,EY26
S128,EY26
S129,EY26
S130,EY25
S131,EY25
S132,EY26
S133,EY25
S134,EY26
S135,EY25
S136,EY26
S137,EY26
S138,EY25
S139,EY26
S140,EY25
S141,EY25
S142,EY26
S143,EY26
S144,EY26
S145,EY25
S146,EY25
S147,EY25
S148,EY26
S149,EY26
S150,EY26
S151,EY25
S152,EY26
S153,EY26
S154,EY26
S155,EY25
S156,EY26
S157,EY25
S158,EY26
S159,EY26
S160,EY26
S161,EY26
S162,EY26
S163,EY26
S164,EY25
S165,EY26
S166,EY26
S167,EY25
S168,EY26
S169,EY26
S170,EY26
S171,EY26
S172,EY26
S173,EY26
S174,EY26
S175,EY26
S176,EY26
S177,EY26
S178,EY25
S179,EY26
S180,EY26
S181,EY26
S182,EY26
S183,EY25
S184,EY25
S185,EY26
